пакет,версия,лицензия,поставка
@alloc/quick-lru,5.3.0,MIT,нет
@babel/code-frame,7.29.7,MIT,нет
@babel/compat-data,7.29.7,MIT,нет
@babel/core,7.29.7,MIT,нет
@babel/generator,7.29.8,MIT,нет
@babel/helper-compilation-targets,7.29.7,MIT,нет
@babel/helper-globals,7.29.7,MIT,нет
@babel/helper-module-imports,7.29.7,MIT,нет
@babel/helper-module-transforms,7.29.7,MIT,нет
@babel/helper-string-parser,7.29.7,MIT,нет
@babel/helper-validator-identifier,7.29.7,MIT,нет
@babel/helper-validator-option,7.29.7,MIT,нет
@babel/helpers,7.29.7,MIT,нет
@babel/parser,7.29.8,MIT,нет
@babel/template,7.29.7,MIT,нет
@babel/traverse,7.29.8,MIT,нет
@babel/types,7.29.8,MIT,нет
@block65/webcrypto-web-push,2.0.0,MIT,да
@drizzle-team/brocli,0.10.2,Apache-2.0,нет
@emnapi/core,1.10.0,MIT,нет
@emnapi/runtime,1.10.0,MIT,да
@emnapi/runtime,1.11.3,MIT,да
@emnapi/wasi-threads,1.2.1,MIT,нет
@esbuild-kit/core-utils,3.3.2,MIT,нет
@esbuild-kit/esm-loader,2.6.5,MIT,нет
@esbuild/aix-ppc64,0.25.12,MIT,нет
@esbuild/aix-ppc64,0.28.2,MIT,нет
@esbuild/android-arm,0.18.20,MIT,нет
@esbuild/android-arm,0.25.12,MIT,нет
@esbuild/android-arm,0.28.2,MIT,нет
@esbuild/android-arm64,0.18.20,MIT,нет
@esbuild/android-arm64,0.25.12,MIT,нет
@esbuild/android-arm64,0.28.2,MIT,нет
@esbuild/android-x64,0.18.20,MIT,нет
@esbuild/android-x64,0.25.12,MIT,нет
@esbuild/android-x64,0.28.2,MIT,нет
@esbuild/darwin-arm64,0.18.20,MIT,нет
@esbuild/darwin-arm64,0.25.12,MIT,нет
@esbuild/darwin-arm64,0.28.2,MIT,нет
@esbuild/darwin-x64,0.18.20,MIT,нет
@esbuild/darwin-x64,0.25.12,MIT,нет
@esbuild/darwin-x64,0.28.2,MIT,нет
@esbuild/freebsd-arm64,0.18.20,MIT,нет
@esbuild/freebsd-arm64,0.25.12,MIT,нет
@esbuild/freebsd-arm64,0.28.2,MIT,нет
@esbuild/freebsd-x64,0.18.20,MIT,нет
@esbuild/freebsd-x64,0.25.12,MIT,нет
@esbuild/freebsd-x64,0.28.2,MIT,нет
@esbuild/linux-arm,0.18.20,MIT,нет
@esbuild/linux-arm,0.25.12,MIT,нет
@esbuild/linux-arm,0.28.2,MIT,нет
@esbuild/linux-arm64,0.18.20,MIT,нет
@esbuild/linux-arm64,0.25.12,MIT,нет
@esbuild/linux-arm64,0.28.2,MIT,нет
@esbuild/linux-ia32,0.18.20,MIT,нет
@esbuild/linux-ia32,0.25.12,MIT,нет
@esbuild/linux-ia32,0.28.2,MIT,нет
@esbuild/linux-loong64,0.18.20,MIT,нет
@esbuild/linux-loong64,0.25.12,MIT,нет
@esbuild/linux-loong64,0.28.2,MIT,нет
@esbuild/linux-mips64el,0.18.20,MIT,нет
@esbuild/linux-mips64el,0.25.12,MIT,нет
@esbuild/linux-mips64el,0.28.2,MIT,нет
@esbuild/linux-ppc64,0.18.20,MIT,нет
@esbuild/linux-ppc64,0.25.12,MIT,нет
@esbuild/linux-ppc64,0.28.2,MIT,нет
@esbuild/linux-riscv64,0.18.20,MIT,нет
@esbuild/linux-riscv64,0.25.12,MIT,нет
@esbuild/linux-riscv64,0.28.2,MIT,нет
@esbuild/linux-s390x,0.18.20,MIT,нет
@esbuild/linux-s390x,0.25.12,MIT,нет
@esbuild/linux-s390x,0.28.2,MIT,нет
@esbuild/linux-x64,0.18.20,MIT,нет
@esbuild/linux-x64,0.25.12,MIT,нет
@esbuild/linux-x64,0.28.2,MIT,нет
@esbuild/netbsd-arm64,0.25.12,MIT,нет
@esbuild/netbsd-arm64,0.28.2,MIT,нет
@esbuild/netbsd-x64,0.18.20,MIT,нет
@esbuild/netbsd-x64,0.25.12,MIT,нет
@esbuild/netbsd-x64,0.28.2,MIT,нет
@esbuild/openbsd-arm64,0.25.12,MIT,нет
@esbuild/openbsd-arm64,0.28.2,MIT,нет
@esbuild/openbsd-x64,0.18.20,MIT,нет
@esbuild/openbsd-x64,0.25.12,MIT,нет
@esbuild/openbsd-x64,0.28.2,MIT,нет
@esbuild/openharmony-arm64,0.25.12,MIT,нет
@esbuild/openharmony-arm64,0.28.2,MIT,нет
@esbuild/sunos-x64,0.18.20,MIT,нет
@esbuild/sunos-x64,0.25.12,MIT,нет
@esbuild/sunos-x64,0.28.2,MIT,нет
@esbuild/win32-arm64,0.18.20,MIT,нет
@esbuild/win32-arm64,0.25.12,MIT,нет
@esbuild/win32-arm64,0.28.2,MIT,нет
@esbuild/win32-ia32,0.18.20,MIT,нет
@esbuild/win32-ia32,0.25.12,MIT,нет
@esbuild/win32-ia32,0.28.2,MIT,нет
@esbuild/win32-x64,0.18.20,MIT,нет
@esbuild/win32-x64,0.25.12,MIT,нет
@esbuild/win32-x64,0.28.2,MIT,нет
@eslint-community/eslint-utils,4.10.1,MIT,нет
@eslint-community/regexpp,4.12.2,MIT,нет
@eslint/config-array,0.21.2,Apache-2.0,нет
@eslint/config-helpers,0.4.2,Apache-2.0,нет
@eslint/core,0.17.0,Apache-2.0,нет
@eslint/eslintrc,3.3.7,MIT,нет
@eslint/js,9.39.4,MIT,нет
@eslint/object-schema,2.1.7,Apache-2.0,нет
@eslint/plugin-kit,0.4.1,Apache-2.0,нет
@floating-ui/core,1.8.0,MIT,да
@floating-ui/dom,1.8.0,MIT,да
@floating-ui/react-dom,2.1.9,MIT,да
@floating-ui/utils,0.2.12,MIT,да
@humanfs/core,0.19.2,Apache-2.0,нет
@humanfs/node,0.16.8,Apache-2.0,нет
@humanfs/types,0.15.0,Apache-2.0,нет
@humanwhocodes/module-importer,1.0.1,Apache-2.0,нет
@humanwhocodes/retry,0.4.3,Apache-2.0,нет
@img/colour,1.1.0,MIT,да
@img/sharp-darwin-arm64,0.35.4,Apache-2.0,да
@img/sharp-darwin-x64,0.35.4,Apache-2.0,да
@img/sharp-freebsd-wasm32,0.35.4,Apache-2.0,да
@img/sharp-libvips-darwin-arm64,1.3.3,LGPL-3.0-or-later,да
@img/sharp-libvips-darwin-x64,1.3.3,LGPL-3.0-or-later,да
@img/sharp-libvips-linux-arm,1.3.3,LGPL-3.0-or-later,да
@img/sharp-libvips-linux-arm64,1.3.3,LGPL-3.0-or-later,да
@img/sharp-libvips-linux-ppc64,1.3.3,LGPL-3.0-or-later,да
@img/sharp-libvips-linux-riscv64,1.3.3,LGPL-3.0-or-later,да
@img/sharp-libvips-linux-s390x,1.3.3,LGPL-3.0-or-later,да
@img/sharp-libvips-linux-x64,1.3.3,LGPL-3.0-or-later,да
@img/sharp-libvips-linuxmusl-arm64,1.3.3,LGPL-3.0-or-later,да
@img/sharp-libvips-linuxmusl-x64,1.3.3,LGPL-3.0-or-later,да
@img/sharp-linux-arm,0.35.4,Apache-2.0,да
@img/sharp-linux-arm64,0.35.4,Apache-2.0,да
@img/sharp-linux-ppc64,0.35.4,Apache-2.0,да
@img/sharp-linux-riscv64,0.35.4,Apache-2.0,да
@img/sharp-linux-s390x,0.35.4,Apache-2.0,да
@img/sharp-linux-x64,0.35.4,Apache-2.0,да
@img/sharp-linuxmusl-arm64,0.35.4,Apache-2.0,да
@img/sharp-linuxmusl-x64,0.35.4,Apache-2.0,да
@img/sharp-wasm32,0.35.4,Apache-2.0 AND LGPL-3.0-or-later AND MIT,да
@img/sharp-webcontainers-wasm32,0.35.4,Apache-2.0,да
@img/sharp-win32-arm64,0.35.4,Apache-2.0 AND LGPL-3.0-or-later,да
@img/sharp-win32-ia32,0.35.4,Apache-2.0 AND LGPL-3.0-or-later,да
@img/sharp-win32-x64,0.35.4,Apache-2.0 AND LGPL-3.0-or-later,да
@jridgewell/gen-mapping,0.3.13,MIT,нет
@jridgewell/remapping,2.3.5,MIT,нет
@jridgewell/resolve-uri,3.1.2,MIT,нет
@jridgewell/sourcemap-codec,1.6.0,MIT,нет
@jridgewell/trace-mapping,0.3.31,MIT,нет
@napi-rs/wasm-runtime,1.2.3,MIT,нет
@next/env,16.3.6,MIT,да
@next/eslint-plugin-next,16.2.6,MIT,нет
@next/swc-darwin-arm64,16.3.6,MIT,да
@next/swc-darwin-x64,16.3.6,MIT,да
@next/swc-linux-arm64-gnu,16.3.6,MIT,да
@next/swc-linux-arm64-musl,16.3.6,MIT,да
@next/swc-linux-x64-gnu,16.3.6,MIT,да
@next/swc-linux-x64-musl,16.3.6,MIT,да
@next/swc-win32-arm64-msvc,16.3.6,MIT,да
@next/swc-win32-x64-msvc,16.3.6,MIT,да
@nodelib/fs.scandir,2.1.5,MIT,нет
@nodelib/fs.stat,2.0.5,MIT,нет
@nodelib/fs.walk,1.2.8,MIT,нет
@nolyfill/is-core-module,1.0.39,MIT,нет
@paper-design/shaders,0.0.80,Apache-2.0,да
@radix-ui/number,1.1.3,MIT,да
@radix-ui/primitive,1.1.7,MIT,да
@radix-ui/react-accessible-icon,1.1.15,MIT,да
@radix-ui/react-accordion,1.2.20,MIT,да
@radix-ui/react-alert-dialog,1.1.23,MIT,да
@radix-ui/react-arrow,1.1.15,MIT,да
@radix-ui/react-aspect-ratio,1.1.15,MIT,да
@radix-ui/react-avatar,1.2.6,MIT,да
@radix-ui/react-checkbox,1.3.11,MIT,да
@radix-ui/react-collapsible,1.1.20,MIT,да
@radix-ui/react-collection,1.1.15,MIT,да
@radix-ui/react-compose-refs,1.1.5,MIT,да
@radix-ui/react-context,1.2.2,MIT,да
@radix-ui/react-context-menu,2.3.7,MIT,да
@radix-ui/react-dialog,1.1.23,MIT,да
@radix-ui/react-direction,1.1.4,MIT,да
@radix-ui/react-dismissable-layer,1.1.19,MIT,да
@radix-ui/react-dropdown-menu,2.1.24,MIT,да
@radix-ui/react-focus-guards,1.1.6,MIT,да
@radix-ui/react-focus-scope,1.1.16,MIT,да
@radix-ui/react-form,0.1.16,MIT,да
@radix-ui/react-hover-card,1.1.23,MIT,да
@radix-ui/react-id,1.1.4,MIT,да
@radix-ui/react-label,2.1.15,MIT,да
@radix-ui/react-menu,2.1.24,MIT,да
@radix-ui/react-menubar,1.1.24,MIT,да
@radix-ui/react-navigation-menu,1.2.22,MIT,да
@radix-ui/react-one-time-password-field,0.1.16,MIT,да
@radix-ui/react-password-toggle-field,0.1.11,MIT,да
@radix-ui/react-popover,1.1.23,MIT,да
@radix-ui/react-popper,1.3.7,MIT,да
@radix-ui/react-portal,1.1.17,MIT,да
@radix-ui/react-presence,1.1.10,MIT,да
@radix-ui/react-primitive,2.1.10,MIT,да
@radix-ui/react-progress,1.1.16,MIT,да
@radix-ui/react-radio-group,1.4.7,MIT,да
@radix-ui/react-roving-focus,1.1.19,MIT,да
@radix-ui/react-scroll-area,1.2.18,MIT,да
@radix-ui/react-select,2.3.7,MIT,да
@radix-ui/react-separator,1.1.15,MIT,да
@radix-ui/react-slider,1.4.7,MIT,да
@radix-ui/react-slot,1.3.3,MIT,да
@radix-ui/react-switch,1.3.7,MIT,да
@radix-ui/react-tabs,1.1.21,MIT,да
@radix-ui/react-toast,1.2.23,MIT,да
@radix-ui/react-toggle,1.1.18,MIT,да
@radix-ui/react-toggle-group,1.1.19,MIT,да
@radix-ui/react-toolbar,1.1.19,MIT,да
@radix-ui/react-tooltip,1.2.16,MIT,да
@radix-ui/react-use-callback-ref,1.1.4,MIT,да
@radix-ui/react-use-controllable-state,1.2.6,MIT,да
@radix-ui/react-use-effect-event,0.0.5,MIT,да
@radix-ui/react-use-escape-keydown,1.1.5,MIT,да
@radix-ui/react-use-is-hydrated,0.1.3,MIT,да
@radix-ui/react-use-layout-effect,1.1.4,MIT,да
@radix-ui/react-use-previous,1.1.4,MIT,да
@radix-ui/react-use-rect,1.1.4,MIT,да
@radix-ui/react-use-size,1.1.4,MIT,да
@radix-ui/react-visually-hidden,1.2.11,MIT,да
@radix-ui/rect,1.1.3,MIT,да
@rtsao/scc,1.1.0,MIT,нет
@swc/helpers,0.5.23,Apache-2.0,да
@tailwindcss/node,4.2.1,MIT,нет
@tailwindcss/oxide,4.2.1,MIT,нет
@tailwindcss/oxide-android-arm64,4.2.1,MIT,нет
@tailwindcss/oxide-darwin-arm64,4.2.1,MIT,нет
@tailwindcss/oxide-darwin-x64,4.2.1,MIT,нет
@tailwindcss/oxide-freebsd-x64,4.2.1,MIT,нет
@tailwindcss/oxide-linux-arm-gnueabihf,4.2.1,MIT,нет
@tailwindcss/oxide-linux-arm64-gnu,4.2.1,MIT,нет
@tailwindcss/oxide-linux-arm64-musl,4.2.1,MIT,нет
@tailwindcss/oxide-linux-x64-gnu,4.2.1,MIT,нет
@tailwindcss/oxide-linux-x64-musl,4.2.1,MIT,нет
@tailwindcss/oxide-wasm32-wasi,4.2.1,MIT,нет
@tailwindcss/oxide-win32-arm64-msvc,4.2.1,MIT,нет
@tailwindcss/oxide-win32-x64-msvc,4.2.1,MIT,нет
@tailwindcss/postcss,4.2.1,MIT,нет
@tybys/wasm-util,0.10.3,MIT,нет
@types/better-sqlite3,7.6.13,MIT,нет
@types/dom-mediacapture-transform,0.1.12,MIT,да
@types/dom-webcodecs,0.1.13,MIT,да
@types/estree,1.0.9,MIT,нет
@types/json-schema,7.0.15,MIT,нет
@types/json5,0.0.29,MIT,нет
@types/node,22.19.19,MIT,нет
@types/react,19.2.14,MIT,нет
@types/react-dom,19.2.3,MIT,нет
@typescript-eslint/eslint-plugin,8.69.0,MIT,нет
@typescript-eslint/parser,8.69.0,MIT,нет
@typescript-eslint/project-service,8.69.0,MIT,нет
@typescript-eslint/scope-manager,8.69.0,MIT,нет
@typescript-eslint/tsconfig-utils,8.69.0,MIT,нет
@typescript-eslint/type-utils,8.69.0,MIT,нет
@typescript-eslint/types,8.69.0,MIT,нет
@typescript-eslint/typescript-estree,8.69.0,MIT,нет
@typescript-eslint/utils,8.69.0,MIT,нет
@typescript-eslint/visitor-keys,8.69.0,MIT,нет
@unrs/resolver-binding-android-arm-eabi,1.12.2,MIT,нет
@unrs/resolver-binding-android-arm64,1.12.2,MIT,нет
@unrs/resolver-binding-darwin-arm64,1.12.2,MIT,нет
@unrs/resolver-binding-darwin-x64,1.12.2,MIT,нет
@unrs/resolver-binding-freebsd-x64,1.12.2,MIT,нет
@unrs/resolver-binding-linux-arm-gnueabihf,1.12.2,MIT,нет
@unrs/resolver-binding-linux-arm-musleabihf,1.12.2,MIT,нет
@unrs/resolver-binding-linux-arm64-gnu,1.12.2,MIT,нет
@unrs/resolver-binding-linux-arm64-musl,1.12.2,MIT,нет
@unrs/resolver-binding-linux-loong64-gnu,1.12.2,MIT,нет
@unrs/resolver-binding-linux-loong64-musl,1.12.2,MIT,нет
@unrs/resolver-binding-linux-ppc64-gnu,1.12.2,MIT,нет
@unrs/resolver-binding-linux-riscv64-gnu,1.12.2,MIT,нет
@unrs/resolver-binding-linux-riscv64-musl,1.12.2,MIT,нет
@unrs/resolver-binding-linux-s390x-gnu,1.12.2,MIT,нет
@unrs/resolver-binding-linux-x64-gnu,1.12.2,MIT,нет
@unrs/resolver-binding-linux-x64-musl,1.12.2,MIT,нет
@unrs/resolver-binding-openharmony-arm64,1.12.2,MIT,нет
@unrs/resolver-binding-wasm32-wasi,1.12.2,MIT,нет
@unrs/resolver-binding-win32-arm64-msvc,1.12.2,MIT,нет
@unrs/resolver-binding-win32-ia32-msvc,1.12.2,MIT,нет
@unrs/resolver-binding-win32-x64-msvc,1.12.2,MIT,нет
acorn,8.18.0,MIT,нет
acorn-jsx,5.3.2,MIT,нет
ajv,6.15.0,MIT,нет
ansi-styles,4.3.0,MIT,нет
argparse,2.0.1,Python-2.0,нет
aria-hidden,1.2.6,MIT,да
aria-query,5.3.2,Apache-2.0,нет
array-buffer-byte-length,1.0.2,MIT,нет
array-includes,3.1.9,MIT,нет
array.prototype.findlast,1.2.5,MIT,нет
array.prototype.findlastindex,1.2.6,MIT,нет
array.prototype.flat,1.3.3,MIT,нет
array.prototype.flatmap,1.3.3,MIT,нет
array.prototype.tosorted,1.1.4,MIT,нет
arraybuffer.prototype.slice,1.0.4,MIT,нет
ast-types-flow,0.0.8,MIT,нет
async-function,1.0.0,MIT,нет
available-typed-arrays,1.0.7,MIT,нет
axe-core,4.13.0,MPL-2.0,нет
axobject-query,4.1.0,Apache-2.0,нет
balanced-match,1.0.2,MIT,нет
balanced-match,4.0.4,MIT,нет
base64-js,1.5.1,MIT,да
baseline-browser-mapping,2.11.21,Apache-2.0,да
better-sqlite3,11.10.0,MIT,да
bindings,1.5.0,MIT,да
bl,4.1.0,MIT,да
brace-expansion,1.1.18,MIT,нет
brace-expansion,5.0.9,MIT,нет
braces,3.0.3,MIT,нет
browserslist,4.28.9,MIT,нет
buffer,5.7.1,MIT,да
buffer-from,1.1.2,MIT,нет
call-bind,1.0.9,MIT,нет
call-bind-apply-helpers,1.0.2,MIT,нет
call-bound,1.0.4,MIT,нет
callsites,3.1.0,MIT,нет
caniuse-lite,1.0.30001810,CC-BY-4.0,да
chalk,4.1.2,MIT,нет
chownr,1.1.4,ISC,да
class-variance-authority,0.7.1,Apache-2.0,да
client-only,0.0.1,MIT,да
clsx,2.1.1,MIT,да
color-convert,2.0.1,MIT,нет
color-name,1.1.4,MIT,нет
concat-map,0.0.1,MIT,нет
convert-source-map,2.0.0,MIT,нет
cross-spawn,7.0.6,MIT,нет
csstype,3.2.3,MIT,нет
damerau-levenshtein,1.0.8,BSD-2-Clause,нет
data-view-buffer,1.0.2,MIT,нет
data-view-byte-length,1.0.2,MIT,нет
data-view-byte-offset,1.0.1,MIT,нет
debug,3.2.7,MIT,нет
debug,4.4.3,MIT,нет
decompress-response,6.0.0,MIT,да
deep-extend,0.6.0,MIT,да
deep-is,0.1.4,MIT,нет
define-data-property,1.1.4,MIT,нет
define-properties,1.2.1,MIT,нет
detect-libc,2.1.2,Apache-2.0,да
detect-node-es,1.1.0,MIT,да
doctrine,2.1.0,Apache-2.0,нет
drizzle-kit,0.31.10,MIT,нет
drizzle-orm,0.45.2,Apache-2.0,да
dunder-proto,1.0.1,MIT,нет
electron-to-chromium,1.5.422,ISC,нет
emoji-regex,9.2.2,MIT,нет
end-of-stream,1.4.5,MIT,да
enhanced-resolve,5.24.5,MIT,нет
es-abstract,1.24.2,MIT,нет
es-abstract-get,1.0.0,MIT,нет
es-define-property,1.0.1,MIT,нет
es-errors,1.3.0,MIT,нет
es-iterator-helpers,1.4.0,MIT,нет
es-object-atoms,1.1.2,MIT,нет
es-set-tostringtag,2.1.0,MIT,нет
es-shim-unscopables,1.1.0,MIT,нет
es-to-primitive,1.3.4,MIT,нет
esbuild,0.18.20,MIT,нет
esbuild,0.25.12,MIT,нет
esbuild,0.28.2,MIT,нет
escalade,3.2.0,MIT,нет
escape-string-regexp,4.0.0,MIT,нет
eslint,9.39.4,MIT,нет
eslint-config-next,16.2.6,MIT,нет
eslint-import-resolver-node,0.3.10,MIT,нет
eslint-import-resolver-typescript,3.10.1,ISC,нет
eslint-module-utils,2.14.0,MIT,нет
eslint-plugin-import,2.32.0,MIT,нет
eslint-plugin-jsx-a11y,6.10.2,MIT,нет
eslint-plugin-react,7.37.5,MIT,нет
eslint-plugin-react-hooks,7.1.1,MIT,нет
eslint-scope,8.4.0,BSD-2-Clause,нет
eslint-visitor-keys,3.4.3,Apache-2.0,нет
eslint-visitor-keys,4.2.1,Apache-2.0,нет
eslint-visitor-keys,5.0.1,Apache-2.0,нет
espree,10.4.0,BSD-2-Clause,нет
esquery,1.7.0,BSD-3-Clause,нет
esrecurse,4.3.0,BSD-2-Clause,нет
estraverse,5.3.0,BSD-2-Clause,нет
esutils,2.0.3,BSD-2-Clause,нет
expand-template,2.0.3,(MIT OR WTFPL),да
fast-deep-equal,3.1.3,MIT,нет
fast-glob,3.3.1,MIT,нет
fast-json-stable-stringify,2.1.0,MIT,нет
fast-levenshtein,2.0.6,MIT,нет
fastq,1.20.3,ISC,нет
fdir,6.5.0,MIT,нет
file-entry-cache,8.0.0,MIT,нет
file-uri-to-path,1.0.0,MIT,да
fill-range,7.1.1,MIT,нет
find-up,5.0.0,MIT,нет
flat-cache,4.0.1,MIT,нет
flatted,3.4.4,ISC,нет
for-each,0.3.5,MIT,нет
framer-motion,13.4.0,MIT,да
fs-constants,1.0.0,MIT,да
fsevents,2.3.2,MIT,нет
fsevents,2.3.3,MIT,нет
function-bind,1.1.2,MIT,нет
function.prototype.name,1.2.0,MIT,нет
functions-have-names,1.2.3,MIT,нет
generator-function,2.0.1,MIT,нет
gensync,1.0.0-beta.2,MIT,нет
get-intrinsic,1.3.0,MIT,нет
get-nonce,1.0.1,MIT,да
get-proto,1.0.1,MIT,нет
get-symbol-description,1.1.0,MIT,нет
get-tsconfig,4.14.3,MIT,нет
github-from-package,0.0.0,MIT,да
glob-parent,5.1.2,ISC,нет
glob-parent,6.0.2,ISC,нет
globals,14.0.0,MIT,нет
globals,16.4.0,MIT,нет
globalthis,1.0.4,MIT,нет
gopd,1.2.0,MIT,нет
graceful-fs,4.2.11,ISC,нет
has-bigints,1.1.0,MIT,нет
has-flag,4.0.0,MIT,нет
has-property-descriptors,1.0.2,MIT,нет
has-proto,1.2.0,MIT,нет
has-symbols,1.1.0,MIT,нет
has-tostringtag,1.0.2,MIT,нет
hasown,2.0.4,MIT,нет
hermes-estree,0.25.1,MIT,нет
hermes-parser,0.25.1,MIT,нет
hls.js,1.6.13,Apache-2.0,да
ieee754,1.2.1,BSD-3-Clause,да
ignore,5.3.2,MIT,нет
ignore,7.0.8,MIT,нет
import-fresh,3.3.1,MIT,нет
imurmurhash,0.1.4,MIT,нет
inherits,2.0.4,ISC,да
ini,1.3.8,ISC,да
internal-slot,1.1.0,MIT,нет
is-array-buffer,3.0.5,MIT,нет
is-async-function,2.1.1,MIT,нет
is-bigint,1.1.0,MIT,нет
is-boolean-object,1.2.2,MIT,нет
is-bun-module,2.0.0,MIT,нет
is-callable,1.2.7,MIT,нет
is-core-module,2.16.2,MIT,нет
is-data-view,1.0.2,MIT,нет
is-date-object,1.1.0,MIT,нет
is-document.all,1.0.0,MIT,нет
is-extglob,2.1.1,MIT,нет
is-finalizationregistry,1.1.1,MIT,нет
is-generator-function,1.1.2,MIT,нет
is-glob,4.0.3,MIT,нет
is-map,2.0.3,MIT,нет
is-negative-zero,2.0.3,MIT,нет
is-number,7.0.0,MIT,нет
is-number-object,1.1.1,MIT,нет
is-regex,1.2.1,MIT,нет
is-set,2.0.3,MIT,нет
is-shared-array-buffer,1.0.4,MIT,нет
is-string,1.1.1,MIT,нет
is-symbol,1.1.1,MIT,нет
is-typed-array,1.1.15,MIT,нет
is-weakmap,2.0.2,MIT,нет
is-weakref,1.1.1,MIT,нет
is-weakset,2.0.4,MIT,нет
isarray,2.0.5,MIT,нет
isexe,2.0.0,ISC,нет
iterator.prototype,1.1.5,MIT,нет
jiti,2.7.0,MIT,нет
js-tokens,4.0.0,MIT,нет
js-yaml,4.3.2,MIT,нет
jsesc,3.1.0,MIT,нет
json-buffer,3.0.1,MIT,нет
json-schema-traverse,0.4.1,MIT,нет
json-stable-stringify-without-jsonify,1.0.1,MIT,нет
json5,1.0.2,MIT,нет
json5,2.2.3,MIT,нет
jsx-ast-utils,3.3.5,MIT,нет
keyv,4.5.4,MIT,нет
language-subtag-registry,0.3.23,CC0-1.0,нет
language-tags,1.0.9,MIT,нет
levn,0.4.1,MIT,нет
lightningcss,1.31.1,MPL-2.0,нет
lightningcss-android-arm64,1.31.1,MPL-2.0,нет
lightningcss-darwin-arm64,1.31.1,MPL-2.0,нет
lightningcss-darwin-x64,1.31.1,MPL-2.0,нет
lightningcss-freebsd-x64,1.31.1,MPL-2.0,нет
lightningcss-linux-arm-gnueabihf,1.31.1,MPL-2.0,нет
lightningcss-linux-arm64-gnu,1.31.1,MPL-2.0,нет
lightningcss-linux-arm64-musl,1.31.1,MPL-2.0,нет
lightningcss-linux-x64-gnu,1.31.1,MPL-2.0,нет
lightningcss-linux-x64-musl,1.31.1,MPL-2.0,нет
lightningcss-win32-arm64-msvc,1.31.1,MPL-2.0,нет
lightningcss-win32-x64-msvc,1.31.1,MPL-2.0,нет
locate-path,6.0.0,MIT,нет
lodash.merge,4.6.2,MIT,нет
loose-envify,1.4.0,MIT,нет
lru-cache,5.1.1,ISC,нет
lucide-react,1.41.0,ISC,да
magic-string,0.30.21,MIT,нет
math-intrinsics,1.1.0,MIT,нет
mediabunny,1.55.7,MPL-2.0,да
merge2,1.4.1,MIT,нет
micromatch,4.0.8,MIT,нет
mimic-response,3.1.0,MIT,да
minimatch,10.2.6,BlueOak-1.0.0,нет
minimatch,3.1.5,ISC,нет
minimist,1.2.8,MIT,да
mkdirp-classic,0.5.3,MIT,да
motion,13.4.0,MIT,да
motion-dom,13.3.0,MIT,да
motion-utils,13.3.0,MIT,да
ms,2.1.3,MIT,нет
nanoid,3.3.18,MIT,да
napi-build-utils,2.0.0,MIT,да
napi-postinstall,0.3.4,MIT,нет
natural-compare,1.4.0,MIT,нет
next,16.3.6,MIT,да
node-abi,3.96.0,MIT,да
node-exports-info,1.6.2,MIT,нет
node-releases,2.0.54,MIT,нет
object-assign,4.1.1,MIT,нет
object-inspect,1.13.4,MIT,нет
object-keys,1.1.1,MIT,нет
object.assign,4.1.7,MIT,нет
object.entries,1.1.9,MIT,нет
object.fromentries,2.0.8,MIT,нет
object.groupby,1.0.3,MIT,нет
object.values,1.2.1,MIT,нет
once,1.4.0,ISC,да
optionator,0.9.4,MIT,нет
own-keys,1.0.2,MIT,нет
p-limit,3.1.0,MIT,нет
p-locate,5.0.0,MIT,нет
parent-module,1.0.1,MIT,нет
path-exists,4.0.0,MIT,нет
path-key,3.1.1,MIT,нет
path-parse,1.0.7,MIT,нет
picocolors,1.1.1,ISC,да
picomatch,2.3.2,MIT,нет
picomatch,4.0.7,MIT,нет
playwright,1.56.1,Apache-2.0,нет
playwright-core,1.56.1,Apache-2.0,нет
possible-typed-array-names,1.1.0,MIT,нет
postcss,8.5.23,MIT,да
postcss,8.5.28,MIT,да
prebuild-install,7.1.3,MIT,да
prelude-ls,1.2.1,MIT,нет
prop-types,15.8.1,MIT,нет
pump,3.0.4,MIT,да
punycode,2.3.1,MIT,нет
queue-microtask,1.2.3,MIT,нет
radix-ui,1.6.7,MIT,да
rc,1.2.8,(BSD-2-Clause OR MIT OR Apache-2.0),да
react,19.2.6,MIT,да
react-dom,19.2.6,MIT,да
react-is,16.13.1,MIT,нет
react-remove-scroll,2.7.2,MIT,да
react-remove-scroll-bar,2.3.8,MIT,да
react-style-singleton,2.2.3,MIT,да
readable-stream,3.6.2,MIT,да
reflect.getprototypeof,1.0.10,MIT,нет
regexp.prototype.flags,1.5.4,MIT,нет
resolve,2.0.0-next.7,MIT,нет
resolve-from,4.0.0,MIT,нет
resolve-pkg-maps,1.0.0,MIT,нет
reusify,1.1.0,MIT,нет
run-parallel,1.2.0,MIT,нет
safe-array-concat,1.1.4,MIT,нет
safe-buffer,5.2.1,MIT,да
safe-push-apply,1.0.0,MIT,нет
safe-regex-test,1.1.0,MIT,нет
scheduler,0.27.0,MIT,да
semver,6.3.1,ISC,да
semver,7.8.5,ISC,да
set-function-length,1.2.2,MIT,нет
set-function-name,2.0.2,MIT,нет
set-proto,1.0.0,MIT,нет
sharp,0.35.4,Apache-2.0,да
shebang-command,2.0.0,MIT,нет
shebang-regex,3.0.0,MIT,нет
side-channel,1.1.1,MIT,нет
side-channel-list,1.0.1,MIT,нет
side-channel-map,1.0.1,MIT,нет
side-channel-weakmap,1.0.2,MIT,нет
simple-concat,1.0.1,MIT,да
simple-get,4.0.1,MIT,да
sonner,2.0.8,MIT,да
source-map,0.6.1,BSD-3-Clause,нет
source-map-js,1.2.1,BSD-3-Clause,да
source-map-support,0.5.21,MIT,нет
stable-hash,0.0.5,MIT,нет
stop-iteration-iterator,1.1.0,MIT,нет
string_decoder,1.3.0,MIT,да
string.prototype.includes,2.0.1,MIT,нет
string.prototype.matchall,4.1.0,MIT,нет
string.prototype.repeat,1.0.0,MIT,нет
string.prototype.trim,1.2.11,MIT,нет
string.prototype.trimend,1.0.10,MIT,нет
string.prototype.trimstart,1.0.8,MIT,нет
strip-bom,3.0.0,MIT,нет
strip-json-comments,2.0.1,MIT,да
strip-json-comments,3.1.1,MIT,да
styled-jsx,5.1.6,MIT,да
supports-color,7.2.0,MIT,нет
supports-preserve-symlinks-flag,1.0.0,MIT,нет
tailwind-merge,3.6.0,MIT,да
tailwindcss,4.2.1,MIT,нет
tapable,2.3.3,MIT,нет
tar-fs,2.1.5,MIT,да
tar-stream,2.2.0,MIT,да
tinyglobby,0.2.17,MIT,нет
to-regex-range,5.0.1,MIT,нет
ts-api-utils,2.5.0,MIT,нет
tsconfig-paths,3.15.0,MIT,нет
tslib,2.8.1,0BSD,да
tsx,4.23.13,MIT,нет
tunnel-agent,0.6.0,Apache-2.0,да
tw-animate-css,1.4.0,MIT,нет
type-check,0.4.0,MIT,нет
typed-array-buffer,1.0.3,MIT,нет
typed-array-byte-length,1.0.3,MIT,нет
typed-array-byte-offset,1.0.4,MIT,нет
typed-array-length,1.0.8,MIT,нет
typescript,5.9.3,Apache-2.0,нет
typescript-eslint,8.69.0,MIT,нет
uint8array-extras,1.5.0,MIT,да
unbox-primitive,1.1.0,MIT,нет
undici-types,6.21.0,MIT,нет
unrs-resolver,1.12.2,MIT,нет
update-browserslist-db,1.3.2,MIT,нет
uri-js,4.4.1,BSD-2-Clause,нет
use-callback-ref,1.3.3,MIT,да
use-sidecar,1.1.3,MIT,да
util-deprecate,1.0.2,MIT,да
which,2.0.2,ISC,нет
which-boxed-primitive,1.1.1,MIT,нет
which-builtin-type,1.2.1,MIT,нет
which-collection,1.0.2,MIT,нет
which-typed-array,1.1.22,MIT,нет
word-wrap,1.2.5,MIT,нет
wrappy,1.0.2,ISC,да
yallist,3.1.1,ISC,нет
yocto-queue,0.1.0,MIT,нет
zod,3.25.76,MIT,нет
zod-validation-error,4.0.2,MIT,нет
